{
  "D2": {
    "mean": 0.243273331073418,
    "std": 0.0006240378280121526,
    "sem": 6.240378280121525e-05,
    "ci_low": 0.242167762179315,
    "ci_high": 0.24443025670554117
  },
  "gamma": {
    "value": 0.608544513020786,
    "error": 0.010120170823687661,
    "ci_low": 0.5833536928645568,
    "ci_high": 0.6334370519426546,
    "r_squared": 0.8932763725027283
  },
  "eta": {
    "value": 0.3652711819473681,
    "error": 0.010120363221383257
  },
  "parameters": {
    "N": 15000,
    "M": 100,
    "t_dip": 0.03309893217819126
  },
  "timestamp": "2026-03-19T14:27:07.589644"
}
