{
  "D2": {
    "mean": 0.24338277549797865,
    "std": 0.0005495560726350396,
    "median": 0.2434052635654964,
    "ci_low": 0.24230062756246082,
    "ci_high": 0.2445152948401938,
    "sem": 5.495560726350396e-05,
    "list": [
      0.24375559670403507,
      0.24295344675548744,
      0.24395241502412568,
      0.2425192464000545,
      0.24332580976016377,
      0.24409969403915946,
      0.24276295101937556,
      0.2436092102890924,
      0.24300489523296137,
      0.24353014079768792,
      0.24372165310612579,
      0.24423202200266708,
      0.24349676747205903,
      0.2428943615883451,
      0.2427024773632026,
      0.24393312494437883,
      0.24321351570981226,
      0.24373209156830242,
      0.24384416246863116,
      0.24463842778304062,
      0.24426765162297073,
      0.24349356898839922,
      0.24347289041962175,
      0.24408456942650447,
      0.24249261716400294,
      0.24356594397912038,
      0.24296182727856513,
      0.2436767999515473,
      0.24289850226099,
      0.24395400186873212,
      0.24306402998899765,
      0.24376804351641673,
      0.24301545766737287,
      0.2428291026039059,
      0.2438261121112331,
      0.24310885834912915,
      0.24456483786441768,
      0.24280463048474119,
      0.24357375422991762,
      0.24321428433766848,
      0.24355327401671595,
      0.24420618618891873,
      0.24370233823193196,
      0.24245815288270717,
      0.24285429376203288,
      0.24321058996506917,
      0.2431812333398503,
      0.2444469650634967,
      0.2445628047197657,
      0.24246673176136066,
      0.2435397362486674,
      0.24353661214834849,
      0.24320585422569685,
      0.24292280081902587,
      0.24293847090951431,
      0.2435596709840356,
      0.24322001185491982,
      0.2433650593697258,
      0.24368161007426054,
      0.24255284287570616,
      0.2431984654804982,
      0.2432485254689415,
      0.244462783920667,
      0.24387971770559386,
      0.2428463099501068,
      0.24332330552101925,
      0.24249896454242864,
      0.2432403680958866,
      0.24308007199619072,
      0.2432085320259702,
      0.24350413142281074,
      0.24294355377114427,
      0.24241322534478776,
      0.2421987533784507,
      0.24350304046714383,
      0.24360063141043892,
      0.2420009184860341,
      0.2431520254813133,
      0.24311721407775985,
      0.24383548441218977,
      0.24343802942717435,
      0.2436383437642885,
      0.24325579024190527,
      0.2431683402274231,
      0.24356676219587056,
      0.2435000155446128,
      0.2433424964229782,
      0.24318140690097914,
      0.24341023485211497,
      0.24361984710684487,
      0.2441136781072536,
      0.24372381022301265,
      0.24426457711154578,
      0.24387813086098745,
      0.24343855011056084,
      0.24340029227887783,
      0.24392784372717308,
      0.24291826343522938,
      0.2433485462680402,
      0.24216183444690434
    ]
  },
  "gamma": {
    "value": 0.6086309658054937,
    "error": 0.01029138869627271,
    "bootstrap_mean": 0.6084165577779915,
    "bootstrap_std": 0.012811405237827053,
    "ci_low": 0.5830313158315042,
    "ci_high": 0.6336846665401759,
    "r_squared": 0.8900628903377047
  },
  "eta": {
    "value": 0.36524819030751504,
    "error": 0.010291535425607755
  },
  "parameters": {
    "N": 15000,
    "M": 100,
    "epsilon": 4.442882938158366,
    "nu": 0.75,
    "t_dip": 0.03309893217819126,
    "t_heisenberg": 6.283185307179586
  },
  "timestamp": "2026-03-09T19:11:03.706898"
}
