{
  "D2": {
    "mean": 0.24338277549797865,
    "std": 0.0005495560726350396,
    "sem": 5.495560726350396e-05,
    "ci_low": 0.24230062756246082,
    "ci_high": 0.2445152948401938
  },
  "gamma": {
    "value": 0.6086309658054937,
    "error": 0.01029138869627271,
    "ci_low": 0.5835033503055191,
    "ci_high": 0.6327531237794275,
    "r_squared": 0.8900628903377047
  },
  "eta": {
    "value": 0.36524819030751504,
    "error": 0.010291535425607755
  },
  "parameters": {
    "N": 15000,
    "M": 100,
    "t_dip": 0.03309893217819126
  },
  "timestamp": "2026-03-09T19:10:55.261032"
}
